"build_cohort","bedrooms_recode","decade","baseline_decade","weighted_count","baseline_count","retention_pct"
"1939 or earlier",0,1970,1970,801000,801000,1
"1939 or earlier",0,1980,1970,537100,801000,0.670536828963795
"1939 or earlier",0,1990,1970,461176,801000,0.575750312109863
"1939 or earlier",0,2000,1970,521590,801000,0.651173533083645
"1939 or earlier",0,2010,1970,462764,801000,0.577732833957553
"1939 or earlier",0,2020,1970,483096,801000,0.603116104868914
"1939 or earlier",1,1970,1970,4548400,4548400,1
"1939 or earlier",1,1980,1970,3357800,4548400,0.73823762202093
"1939 or earlier",1,1990,1970,2293107,4548400,0.504156846363556
"1939 or earlier",1,2000,1970,2220754,4548400,0.488249494327676
"1939 or earlier",1,2010,1970,2029067,4548400,0.446105663530033
"1939 or earlier",1,2020,1970,1873729,4548400,0.411953434174655
"1939 or earlier",2,1970,1970,8489900,8489900,1
"1939 or earlier",2,1980,1970,6706800,8489900,0.789973969069129
"1939 or earlier",2,1990,1970,4933703,8489900,0.58112616167446
"1939 or earlier",2,2000,1970,4524284,8489900,0.532901918750515
"1939 or earlier",2,2010,1970,4372452,8489900,0.515018080307189
"1939 or earlier",2,2020,1970,4097724,8489900,0.482658688559347
"1939 or earlier",3,1970,1970,7597500,7597500,1
"1939 or earlier",3,1980,1970,6714200,7597500,0.883738071734123
"1939 or earlier",3,1990,1970,5851870,7597500,0.770236261928266
"1939 or earlier",3,2000,1970,5462624,7597500,0.719002829878249
"1939 or earlier",3,2010,1970,5361394,7597500,0.705678710102007
"1939 or earlier",3,2020,1970,5211180,7597500,0.685907206317868
"1939 or earlier",4,1970,1970,2849000,2849000,1
"1939 or earlier",4,1980,1970,2539600,2849000,0.891400491400491
"1939 or earlier",4,1990,1970,2376464,2849000,0.834139698139698
"1939 or earlier",4,2000,1970,2246610,2849000,0.788560898560899
"1939 or earlier",4,2010,1970,2242216,2849000,0.787018603018603
"1939 or earlier",4,2020,1970,2234925,2849000,0.784459459459459
"1939 or earlier",5,1970,1970,983700,983700,1
"1939 or earlier",5,1980,1970,867100,983700,0.881467927213581
"1939 or earlier",5,1990,1970,882520,983700,0.897143438040053
"1939 or earlier",5,2000,1970,822279,983700,0.835904239097286
"1939 or earlier",5,2010,1970,851854,983700,0.865969299583206
"1939 or earlier",5,2020,1970,819900,983700,0.83348581884721
"1940 - 1949",0,1970,1970,145600,145600,1
"1940 - 1949",0,1980,1970,185000,145600,1.2706043956044
"1940 - 1949",0,1990,1970,174897,145600,1.20121565934066
"1940 - 1949",0,2000,1970,230407,145600,1.58246565934066
"1940 - 1949",0,2010,1970,132771,145600,0.911888736263736
"1940 - 1949",0,2020,1970,134315,145600,0.922493131868132
"1940 - 1949",1,1970,1970,1305900,1305900,1
"1940 - 1949",1,1980,1970,1417200,1305900,1.08522857799219
"1940 - 1949",1,1990,1970,1032846,1305900,0.790907420169998
"1940 - 1949",1,2000,1970,1064936,1305900,0.815480511524619
"1940 - 1949",1,2010,1970,729747,1305900,0.558807718814611
"1940 - 1949",1,2020,1970,619404,1305900,0.474311968757179
"1940 - 1949",2,1970,1970,3486100,3486100,1
"1940 - 1949",2,1980,1970,3596800,3486100,1.03175468288345
"1940 - 1949",2,1990,1970,2873080,3486100,0.824153065029689
"1940 - 1949",2,2000,1970,2641103,3486100,0.757609649751872
"1940 - 1949",2,2010,1970,2136037,3486100,0.61272969794326
"1940 - 1949",2,2020,1970,1863660,3486100,0.534597401107255
"1940 - 1949",3,1970,1970,2523100,2523100,1
"1940 - 1949",3,1980,1970,2891300,2523100,1.1459315920891
"1940 - 1949",3,1990,1970,2904399,2523100,1.15112322143395
"1940 - 1949",3,2000,1970,2740256,2523100,1.08606713962982
"1940 - 1949",3,2010,1970,2471599,2523100,0.97958820498593
"1940 - 1949",3,2020,1970,2239038,2523100,0.887415480955967
"1940 - 1949",4,1970,1970,590900,590900,1
"1940 - 1949",4,1980,1970,701000,590900,1.18632594347605
"1940 - 1949",4,1990,1970,768942,590900,1.30130648163818
"1940 - 1949",4,2000,1970,745816,590900,1.26216957183957
"1940 - 1949",4,2010,1970,728263,590900,1.23246403790828
"1940 - 1949",4,2020,1970,699299,590900,1.18344728380437
"1940 - 1949",5,1970,1970,97900,97900,1
"1940 - 1949",5,1980,1970,133300,97900,1.36159346271706
"1940 - 1949",5,1990,1970,170611,97900,1.74270684371808
"1940 - 1949",5,2000,1970,162363,97900,1.65845760980592
"1940 - 1949",5,2010,1970,181253,97900,1.85140960163432
"1940 - 1949",5,2020,1970,174184,97900,1.77920326864147
"1950 - 1959",0,1970,1970,166000,166000,1
"1950 - 1959",0,1980,1970,216500,166000,1.30421686746988
"1950 - 1959",0,1990,1970,242832,166000,1.46284337349398
"1950 - 1959",0,2000,1970,360655,166000,2.17262048192771
"1950 - 1959",0,2010,1970,203024,166000,1.22303614457831
"1950 - 1959",0,2020,1970,234924,166000,1.41520481927711
"1950 - 1959",1,1970,1970,1402400,1402400,1
"1950 - 1959",1,1980,1970,1555800,1402400,1.1093839132915
"1950 - 1959",1,1990,1970,1369366,1402400,0.976444666286366
"1950 - 1959",1,2000,1970,1532281,1402400,1.09261337706788
"1950 - 1959",1,2010,1970,1142679,1402400,0.814802481460354
"1950 - 1959",1,2020,1970,1031536,1402400,0.735550484883058
"1950 - 1959",2,1970,1970,4616200,4616200,1
"1950 - 1959",2,1980,1970,4499400,4616200,0.974697803388068
"1950 - 1959",2,1990,1970,3954301,4616200,0.856613881547593
"1950 - 1959",2,2000,1970,3846762,4616200,0.833317880507777
"1950 - 1959",2,2010,1970,3520832,4616200,0.762712187513539
"1950 - 1959",2,2020,1970,3199066,4616200,0.693008535158789
"1950 - 1959",3,1970,1970,6299900,6299900,1
"1950 - 1959",3,1980,1970,6184900,6299900,0.981745741995905
"1950 - 1959",3,1990,1970,6324569,6299900,1.0039157764409
"1950 - 1959",3,2000,1970,6018519,6299900,0.955335640248258
"1950 - 1959",3,2010,1970,6075008,6299900,0.964302290512548
"1950 - 1959",3,2020,1970,5883738,6299900,0.93394149113478
"1950 - 1959",4,1970,1970,1240300,1240300,1
"1950 - 1959",4,1980,1970,1358700,1240300,1.0954607756188
"1950 - 1959",4,1990,1970,1522940,1240300,1.22788035152786
"1950 - 1959",4,2000,1970,1551302,1240300,1.25074739982262
"1950 - 1959",4,2010,1970,1704936,1240300,1.37461581875353
"1950 - 1959",4,2020,1970,1808105,1240300,1.45779650084657
"1950 - 1959",5,1970,1970,180400,180400,1
"1950 - 1959",5,1980,1970,230300,180400,1.27660753880266
"1950 - 1959",5,1990,1970,299689,180400,1.66124722838137
"1950 - 1959",5,2000,1970,296226,180400,1.64205099778271
"1950 - 1959",5,2010,1970,377245,180400,2.09115853658537
"1950 - 1959",5,2020,1970,387488,180400,2.14793791574279
"1960 - 1969",0,1970,1970,278300,278300,1
"1960 - 1969",0,1980,1970,312200,278300,1.12181099532878
"1960 - 1969",0,1990,1970,342003,278300,1.22890046712181
"1960 - 1969",0,2000,1970,495156,278300,1.77921667265541
"1960 - 1969",0,2010,1970,276489,278300,0.993492633848365
"1960 - 1969",0,2020,1970,340761,278300,1.22443765720446
"1960 - 1969",1,1970,1970,2261600,2261600,1
"1960 - 1969",1,1980,1970,2284900,2261600,1.01030244074991
"1960 - 1969",1,1990,1970,1992964,2261600,0.881218606296427
"1960 - 1969",1,2000,1970,2030949,2261600,0.898014237707818
"1960 - 1969",1,2010,1970,1533571,2261600,0.678091174389812
"1960 - 1969",1,2020,1970,1487825,2261600,0.65786390166254
"1960 - 1969",2,1970,1970,4724300,4724300,1
"1960 - 1969",2,1980,1970,4501600,4724300,0.952860741273839
"1960 - 1969",2,1990,1970,3905986,4724300,0.826786190546748
"1960 - 1969",2,2000,1970,3615465,4724300,0.765291154245073
"1960 - 1969",2,2010,1970,3142289,4724300,0.665133247253561
"1960 - 1969",2,2020,1970,2995284,4724300,0.634016468048176
"1960 - 1969",3,1970,1970,6624700,6624700,1
"1960 - 1969",3,1980,1970,6513100,6624700,0.98315395414132
"1960 - 1969",3,1990,1970,6214692,6624700,0.938109197397618
"1960 - 1969",3,2000,1970,5897303,6624700,0.890199254305855
"1960 - 1969",3,2010,1970,5500000,6624700,0.830226274397331
"1960 - 1969",3,2020,1970,5370478,6624700,0.810674898485969
"1960 - 1969",4,1970,1970,1926100,1926100,1
"1960 - 1969",4,1980,1970,2116100,1926100,1.09864493016977
"1960 - 1969",4,1990,1970,2129230,1926100,1.10546181402835
"1960 - 1969",4,2000,1970,2068736,1926100,1.07405430662998
"1960 - 1969",4,2010,1970,2047661,1926100,1.06311250713878
"1960 - 1969",4,2020,1970,2160781,1926100,1.1218425834588
"1960 - 1969",5,1970,1970,307200,307200,1
"1960 - 1969",5,1980,1970,393800,307200,1.28190104166667
"1960 - 1969",5,1990,1970,439305,307200,1.430029296875
"1960 - 1969",5,2000,1970,425993,307200,1.38669596354167
"1960 - 1969",5,2010,1970,470016,307200,1.53
"1960 - 1969",5,2020,1970,486988,307200,1.58524739583333
"1970 - 1979",0,1980,1980,323900,323900,1
"1970 - 1979",0,1990,1980,404822,323900,1.24983636924977
"1970 - 1979",0,2000,1980,601601,323900,1.85736647113307
"1970 - 1979",0,2010,1980,348368,323900,1.07554183389935
"1970 - 1979",0,2020,1980,466535,323900,1.44036739734486
"1970 - 1979",1,1980,1980,2826900,2826900,1
"1970 - 1979",1,1990,1980,2680931,2826900,0.94836428596696
"1970 - 1979",1,2000,1980,2824319,2826900,0.999086985744101
"1970 - 1979",1,2010,1980,2291895,2826900,0.810744985673352
"1970 - 1979",1,2020,1980,2203291,2826900,0.779401818246135
"1970 - 1979",2,1980,1980,6167500,6167500,1
"1970 - 1979",2,1990,1980,5750567,6167500,0.932398378597487
"1970 - 1979",2,2000,1980,5333051,6167500,0.864702229428456
"1970 - 1979",2,2010,1980,5029806,6167500,0.815534008917714
"1970 - 1979",2,2020,1980,4783147,6167500,0.775540656668018
"1970 - 1979",3,1980,1980,8282700,8282700,1
"1970 - 1979",3,1990,1980,7749293,8282700,0.935599864778394
"1970 - 1979",3,2000,1980,7355174,8282700,0.888016468059932
"1970 - 1979",3,2010,1980,7333833,8282700,0.885439892788583
"1970 - 1979",3,2020,1980,7229299,8282700,0.872819129027974
"1970 - 1979",4,1980,1980,2657300,2657300,1
"1970 - 1979",4,1990,1980,2798396,2657300,1.05309750498626
"1970 - 1979",4,2000,1980,2891321,2657300,1.08806721107891
"1970 - 1979",4,2010,1980,2911554,2657300,1.09568133067399
"1970 - 1979",4,2020,1980,3028811,2657300,1.13980769954465
"1970 - 1979",5,1980,1980,388700,388700,1
"1970 - 1979",5,1990,1980,521089,388700,1.34059428865449
"1970 - 1979",5,2000,1980,532300,388700,1.36943658348341
"1970 - 1979",5,2010,1980,605269,388700,1.55716233599177
"1970 - 1979",5,2020,1980,639576,388700,1.64542320555698
"1980 - 1989",0,1990,1990,327578,327578,1
"1980 - 1989",0,2000,1990,450487,327578,1.37520529461685
"1980 - 1989",0,2010,1990,250539,327578,0.764822423972306
"1980 - 1989",0,2020,1990,373786,327578,1.14105953391253
"1980 - 1989",1,1990,1990,2567430,2567430,1
"1980 - 1989",1,2000,1990,2290489,2567430,0.892132989020149
"1980 - 1989",1,2010,1990,1808505,2567430,0.704402846426193
"1980 - 1989",1,2020,1990,1825547,2567430,0.711040612597033
"1980 - 1989",2,1990,1990,5809105,5809105,1
"1980 - 1989",2,2000,1990,4837680,5809105,0.832775444754398
"1980 - 1989",2,2010,1990,4607250,5809105,0.793108404823118
"1980 - 1989",2,2020,1990,4643135,5809105,0.799285776380355
"1980 - 1989",3,1990,1990,6980770,6980770,1
"1980 - 1989",3,2000,1990,6304761,6980770,0.903161255849999
"1980 - 1989",3,2010,1990,6333454,6980770,0.907271547408094
"1980 - 1989",3,2020,1990,6397926,6980770,0.916507204792595
"1980 - 1989",4,1990,1990,2278135,2278135,1
"1980 - 1989",4,2000,1990,2327208,2278135,1.02154086566424
"1980 - 1989",4,2010,1990,2470232,2278135,1.0843220441282
"1980 - 1989",4,2020,1990,2646377,2278135,1.1616418693361
"1980 - 1989",5,1990,1990,378734,378734,1
"1980 - 1989",5,2000,1990,433731,378734,1.14521273505943
"1980 - 1989",5,2010,1990,513797,378734,1.35661704520851
"1980 - 1989",5,2020,1990,565701,378734,1.49366309863915
"1990 - 1999",0,2000,2000,351675,351675,1
"1990 - 1999",0,2010,2000,201235,351675,0.57221866780408
"1990 - 1999",0,2020,2000,328664,351675,0.934567427312149
"1990 - 1999",1,2000,2000,1658482,1658482,1
"1990 - 1999",1,2010,2000,1322163,1658482,0.797212752384409
"1990 - 1999",1,2020,2000,1390182,1658482,0.838225558070573
"1990 - 1999",2,2000,2000,3766451,3766451,1
"1990 - 1999",2,2010,2000,3436615,3766451,0.912427906270386
"1990 - 1999",2,2020,2000,3565759,3766451,0.946715887183983
"1990 - 1999",3,2000,2000,7764378,7764378,1
"1990 - 1999",3,2010,2000,7112935,7764378,0.916098494947052
"1990 - 1999",3,2020,2000,6996501,7764378,0.901102573831413
"1990 - 1999",4,2000,2000,3503846,3503846,1
"1990 - 1999",4,2010,2000,3392452,3503846,0.968208077638115
"1990 - 1999",4,2020,2000,3527548,3503846,1.00676456670756
"1990 - 1999",5,2000,2000,726678,726678,1
"1990 - 1999",5,2010,2000,849505,726678,1.16902534547626
"1990 - 1999",5,2020,2000,940398,726678,1.29410550477653
"2000 - 2009",0,2010,2010,207515,207515,1
"2000 - 2009",0,2020,2010,308981,207515,1.48895742476447
"2000 - 2009",1,2010,2010,1303946,1303946,1
"2000 - 2009",1,2020,2010,1273903,1303946,0.97695993545745
"2000 - 2009",2,2010,2010,3099786,3099786,1
"2000 - 2009",2,2020,2010,3148807,3099786,1.0158143175045
"2000 - 2009",3,2010,2010,6603154,6603154,1
"2000 - 2009",3,2020,2010,6785089,6603154,1.02755274221985
"2000 - 2009",4,2010,2010,3908170,3908170,1
"2000 - 2009",4,2020,2010,4254012,3908170,1.08849205638445
"2000 - 2009",5,2010,2010,1214335,1214335,1
"2000 - 2009",5,2020,2010,1442069,1214335,1.18753803522092
"2010 - 2019",0,2010,2020,7263,364381,NA
"2010 - 2019",0,2020,2020,364381,364381,1
"2010 - 2019",1,2010,2020,45175,1361383,NA
"2010 - 2019",1,2020,2020,1361383,1361383,1
"2010 - 2019",2,2010,2020,76853,2130565,NA
"2010 - 2019",2,2020,2020,2130565,2130565,1
"2010 - 2019",3,2010,2020,142072,3452247,NA
"2010 - 2019",3,2020,2020,3452247,3452247,1
"2010 - 2019",4,2010,2020,80018,2326317,NA
"2010 - 2019",4,2020,2020,2326317,2326317,1
"2010 - 2019",5,2010,2020,24351,810350,NA
"2010 - 2019",5,2020,2020,810350,810350,1
"2020 onward",0,2020,NA,23368,NA,NA
"2020 onward",1,2020,NA,65022,NA,NA
"2020 onward",2,2020,NA,116212,NA,NA
"2020 onward",3,2020,NA,248772,NA,NA
"2020 onward",4,2020,NA,175428,NA,NA
"2020 onward",5,2020,NA,54729,NA,NA
