race_eth,age_bucket,YEAR,weighted_count,count,weighted_mean
AAPI,17 or younger,1970,467800,4678,2.155044890979051
AAPI,18-29,1970,278800,2788,1.9110174557627937
AAPI,30-49,1970,418900,4189,1.8088048062385613
AAPI,50-65,1970,162200,1622,1.5508528565556925
AAPI,65 and older,1970,95200,952,1.4158963585434174
AIAN,17 or younger,1970,335900,3359,3.2787188647414895
AIAN,18-29,1970,130600,1306,2.65387953037264
AIAN,30-49,1970,147400,1474,2.588941655359567
AIAN,50-65,1970,65900,659,1.8907182599898824
AIAN,65 and older,1970,42900,429,1.7144522144522147
All,17 or younger,1970,69710900,697109,1.9403410370544225
All,18-29,1970,33391900,333919,1.6584049325335495
All,30-49,1970,45734500,457345,1.5753696516488378
All,50-65,1970,29210200,292102,1.1583175283520193
All,65 and older,1970,19156900,191569,1.0461269829669568
Black,17 or younger,1970,9425500,94255,2.519256980177896
Black,18-29,1970,3641500,36415,2.1064140235251045
Black,30-49,1970,4512800,45128,1.9235566979849894
Black,50-65,1970,2541600,25416,1.4490773528485994
Black,65 and older,1970,1526600,15266,1.2463480938032232
Hispanic,17 or younger,1970,3473300,34733,2.6797123772780997
Hispanic,18-29,1970,1442100,14421,2.244558860920416
Hispanic,30-49,1970,1757500,17575,2.2082475106685617
Hispanic,50-65,1970,666800,6668,1.719101179764047
Hispanic,65 and older,1970,346700,3467,1.6073454475531197
Other,17 or younger,1970,66400,664,2.2470130522088354
Other,18-29,1970,38700,387,1.995564168819983
Other,30-49,1970,35500,355,1.9907981220657276
Other,50-65,1970,10800,108,1.7081790123456788
Other,65 and older,1970,7900,79,1.469831223628692
White,17 or younger,1970,55942000,559420,1.786699885595825
White,18-29,1970,27860200,278602,1.5618441360794042
White,30-49,1970,38862400,388624,1.4995761970439354
White,50-65,1970,25762900,257629,1.1105434558997351
White,65 and older,1970,17137600,171376,1.0130154358447696
AAPI,17 or younger,1980,1088500,10885,2.254670035216657
AAPI,18-29,1980,772200,7722,1.9519144435811087
AAPI,30-49,1980,1057100,10571,1.8337527197048547
AAPI,50-65,1980,386300,3863,1.5611657606350855
AAPI,65 and older,1980,209200,2092,1.4915232632249833
AIAN,17 or younger,1980,546600,5466,2.4424716428832802
AIAN,18-29,1980,324900,3249,2.018421052631578
AIAN,30-49,1980,321900,3219,1.8848348348348343
AIAN,50-65,1980,140100,1401,1.5199024506305023
AIAN,65 and older,1980,78200,782,1.3561167945439045
All,17 or younger,1980,64090200,640902,1.6926228710993052
All,18-29,1980,45934600,459346,1.4495667028050037
All,30-49,1980,53844000,538440,1.3710354604660657
All,50-65,1980,33140600,331406,1.0425818583047723
All,65 and older,1980,23982500,239825,0.9441521248132339
Black,17 or younger,1980,9397500,93975,2.022444089740186
Black,18-29,1980,5550800,55508,1.7746240782109464
Black,30-49,1980,5559900,55599,1.6023387710810142
Black,50-65,1980,2925800,29258,1.2792655000341804
Black,65 and older,1980,1954800,19548,1.0922950344451259
Hispanic,17 or younger,1980,5778200,57782,2.371102304062387
Hispanic,18-29,1980,3400000,34000,2.120423529411765
Hispanic,30-49,1980,3296500,32965,2.0035436574144327
Hispanic,50-65,1980,1316500,13165,1.5822850993796649
Hispanic,65 and older,1980,661800,6618,1.3942026795607936
Other,17 or younger,1980,82300,823,1.8410085054678005
Other,18-29,1980,52800,528,1.5150883838383837
Other,30-49,1980,44400,444,1.4838963963963965
Other,50-65,1980,15500,155,1.31
Other,65 and older,1980,11800,118,1.1867231638418079
White,17 or younger,1980,47197100,471971,1.5219820356194829
White,18-29,1980,35833900,358339,1.3194822035372458
White,30-49,1980,43564200,435642,1.2785138944362735
White,50-65,1980,28356400,283564,0.9835350514640039
White,65 and older,1980,21066700,210667,0.9091669949889091
AAPI,17 or younger,1990,1975820,19570,2.3733505919904987
AAPI,18-29,1990,1370924,12703,2.093060215834965
AAPI,30-49,1990,2327572,21752,1.947058794887262
AAPI,50-65,1990,742581,7295,1.7227104966775801
AAPI,65 and older,1990,410621,4165,1.7234327599741206
AIAN,17 or younger,1990,626740,7589,2.1568342534384284
AIAN,18-29,1990,375243,4180,1.8787907213903172
AIAN,30-49,1990,525837,5863,1.6230991416224678
AIAN,50-65,1990,184199,2142,1.293533352515486
AIAN,65 and older,1990,113688,1334,1.1832320326976755
All,17 or younger,1990,63167320,651424,1.725548829679659
All,18-29,1990,44092852,425329,1.523311711990568
All,30-49,1990,72555607,722110,1.327930392524087
All,50-65,1990,32249363,334794,0.9884394181677367
All,65 and older,1990,29427121,314203,0.8638640960946647
Black,17 or younger,1990,9183790,83506,1.93331355936202
Black,18-29,1990,5474012,46848,1.7197341669449513
Black,30-49,1990,7799745,66324,1.5092857287855772
Black,50-65,1990,3101039,27738,1.2092498245480523
Black,65 and older,1990,2338571,22550,1.0185940046293225
Hispanic,17 or younger,1990,7597843,75314,2.7116448225283607
Hispanic,18-29,1990,5061435,47908,2.58443450325846
Hispanic,30-49,1990,5791715,54471,2.2554640349763977
Hispanic,50-65,1990,1890219,18413,1.7308696946403215
Hispanic,65 and older,1990,1032436,10510,1.4607340148283607
Other,17 or younger,1990,115571,1138,2.108059547810437
Other,18-29,1990,39376,374,2.155398381416768
Other,30-49,1990,46060,431,1.8579928354320454
Other,50-65,1990,16250,158,1.532194871794872
Other,65 and older,1990,7978,71,1.1966616528787497
White,17 or younger,1990,43667556,464307,1.4737664575655878
White,18-29,1990,31771862,313316,1.2908612228434504
White,30-49,1990,56064678,573269,1.1779745300002722
White,50-65,1990,26315075,279048,0.8858979178284642
White,65 and older,1990,25523827,275573,0.8101888704490369
AAPI,17 or younger,2000,2523029,23890,2.298075567106046
AAPI,18-29,2000,1950179,17385,1.9401459558327727
AAPI,30-49,2000,3570920,32123,1.8581843661204014
AAPI,50-65,2000,1390036,13311,1.5795813681564124
AAPI,65 and older,2000,774649,7652,1.5768805829048602
AIAN,17 or younger,2000,670852,8328,2.1197546304301604
AIAN,18-29,2000,351245,3935,1.8533101301560642
AIAN,30-49,2000,616183,7067,1.5869930686176021
AIAN,50-65,2000,252519,3045,1.2335498846951447
AIAN,65 and older,2000,119030,1496,1.162950516676468
All,17 or younger,2000,71869693,729082,1.7864229286467017
All,18-29,2000,42894406,405259,1.6182550074245132
All,30-49,2000,84793674,831313,1.3696998314206028
All,50-65,2000,41084646,425900,0.9788681315805272
All,65 and older,2000,32961674,348631,0.859258022413145
Black,17 or younger,2000,10421965,96471,1.8969571733033728
Black,18-29,2000,5426518,47391,1.6579161351717624
Black,30-49,2000,9692527,85859,1.4537536667854174
Black,50-65,2000,3921356,37519,1.1379598579334966
Black,65 and older,2000,2625579,26183,0.9940445136101405
Hispanic,17 or younger,2000,12208192,120468,2.8146685889278262
Hispanic,18-29,2000,7719214,71734,2.6763106407811312
Hispanic,30-49,2000,9981443,92974,2.3651589538039044
Hispanic,50-65,2000,2959160,29489,1.7911534185376936
Hispanic,65 and older,2000,1649893,16751,1.5251591870907169
Multiracial,17 or younger,2000,1983163,19491,1.7543211610274436
Multiracial,18-29,2000,889650,8015,1.5699219168586902
Multiracial,30-49,2000,1285091,12046,1.4888799444293568
Multiracial,50-65,2000,493555,4945,1.1679359274380097
Multiracial,65 and older,2000,275747,2858,1.0518619725086158
Other,17 or younger,2000,173537,1673,1.8271391691685346
Other,18-29,2000,77379,701,1.7410076808091774
Other,30-49,2000,122567,1124,1.5789577673163795
Other,50-65,2000,40921,406,1.303527121363929
Other,65 and older,2000,20472,219,1.1458813664191738
White,17 or younger,2000,43888955,458761,1.4409387882061402
White,18-29,2000,26480221,256098,1.276136052640949
White,30-49,2000,59524943,600120,1.1545320561387769
White,50-65,2000,32027099,337185,0.8529290586075253
White,65 and older,2000,27496304,293472,0.7827535554111773
AAPI,17 or younger,2010,3293717,151688,1.6195975853420304
AAPI,18-29,2010,2609686,106622,1.454695462723612
AAPI,30-49,2010,4945259,219767,1.3859058005522742
AAPI,50-65,2010,2576680,128212,1.1814311504209551
AAPI,65 and older,2010,1421590,73725,1.1510808554740346
AIAN,17 or younger,2010,567071,36758,1.735511161741652
AIAN,18-29,2010,359636,19714,1.5236257864433294
AIAN,30-49,2010,536007,31695,1.3524565599578613
AIAN,50-65,2010,354838,24679,1.0524245336369462
AIAN,65 and older,2010,160730,13121,0.9520657831974947
All,17 or younger,2010,73709385,3405282,1.536195931721123
All,18-29,2010,48011817,1982616,1.3414408772879072
All,30-49,2010,82202910,3804865,1.239122489702623
All,50-65,2010,58043626,3190483,0.917295447737886
All,65 and older,2010,39132005,2374006,0.8066515405143896
Black,17 or younger,2010,10249573,385586,1.5610594428340236
Black,18-29,2010,6403106,216601,1.3633267589198128
Black,30-49,2010,9913663,371731,1.2284613332798051
Black,50-65,2010,6250266,294978,0.9866378940245648
Black,65 and older,2010,3244856,180583,0.8756353286555705
Hispanic,17 or younger,2010,17010213,680541,1.9237722096719188
Hispanic,18-29,2010,9962392,359658,1.743247620651748
Hispanic,30-49,2010,14235470,554357,1.654425397733033
Hispanic,50-65,2010,5608661,258088,1.3025490278933467
Hispanic,65 and older,2010,2754657,141865,1.1365406291963023
Multiracial,17 or younger,2010,2830347,128928,1.451585794957297
Multiracial,18-29,2010,1011989,43081,1.3052137259726468
Multiracial,30-49,2010,1138656,53084,1.225323100216395
Multiracial,50-65,2010,592326,32651,0.9682903502463166
Multiracial,65 and older,2010,287260,17704,0.8721483441249506
Other,17 or younger,2010,206081,8745,1.6170817138244997
Other,18-29,2010,118999,4353,1.4572542626408627
Other,30-49,2010,171672,6563,1.4032906744644824
Other,50-65,2010,75523,3450,1.1124434498982652
Other,65 and older,2010,29981,1452,1.081359305337825
White,17 or younger,2010,39552383,2013036,1.3588990107962189
White,18-29,2010,27546009,1232587,1.1787569377715195
White,30-49,2010,51262183,2567668,1.1102664742805297
White,50-65,2010,42585332,2448425,0.8382153703376887
White,65 and older,2010,31232931,1945556,0.7530979988184039
AAPI,17 or younger,2020,3710646,165914,1.6099593664643104
AAPI,18-29,2020,2957163,128970,1.3815268665722278
AAPI,30-49,2020,6219791,276744,1.3501207194904132
AAPI,50-65,2020,3446580,175484,1.1502660801915712
AAPI,65 and older,2020,2555830,131017,1.1078233489707843
AIAN,17 or younger,2020,458213,34833,1.7627060268186765
AIAN,18-29,2020,311893,18643,1.482579175123093
AIAN,30-49,2020,441218,29974,1.3785772188200232
AIAN,50-65,2020,323669,26626,1.062354081896423
AIAN,65 and older,2020,223508,19883,0.9854873949329189
All,17 or younger,2020,73026028,3043118,1.532581523535695
All,18-29,2020,50146411,1907932,1.2978050360041353
All,30-49,2020,84257701,3577372,1.2462699237426322
All,50-65,2020,62475002,3191151,0.9463668196441261
All,65 and older,2020,53008690,3165247,0.8069440136450727
Black,17 or younger,2020,9552305,267875,1.5808244798855704
Black,18-29,2020,6757362,171516,1.310598704543776
Black,30-49,2020,10307785,299306,1.2331092292540715
Black,50-65,2020,7102513,277483,0.9846185498006128
Black,65 and older,2020,4744760,232206,0.8650758801990692
Hispanic,17 or younger,2020,18683105,638874,1.8172635107137365
Hispanic,18-29,2020,11544567,397924,1.5772719366607713
Hispanic,30-49,2020,17144532,602063,1.543950776842436
Hispanic,50-65,2020,8617851,351490,1.2682301036147723
Hispanic,65 and older,2020,4665497,218025,1.1072606055332004
Multiracial,17 or younger,2020,4641930,202819,1.4302850071701527
Multiracial,18-29,2020,2078538,81956,1.2503492839678672
Multiracial,30-49,2020,2599135,118232,1.2096548467086163
Multiracial,50-65,2020,1355201,77003,0.9567733248917814
Multiracial,65 and older,2020,810105,54556,0.8345578659556484
Other,17 or younger,2020,432279,17491,1.5781819534760337
Other,18-29,2020,217708,7925,1.3847115555392235
Other,30-49,2020,360389,14604,1.2538591632929972
Other,50-65,2020,212382,10033,1.0152402275145724
Other,65 and older,2020,169434,6403,1.0863310590947899
White,17 or younger,2020,35547550,1715312,1.371754643662741
White,18-29,2020,26279180,1100998,1.1631636077178433
White,30-49,2020,47184851,2236449,1.1280155404114778
White,50-65,2020,41416806,2273032,0.85426700375367
White,65 and older,2020,39839556,2503157,0.7427977665380169
