source_year,inflator_2020
1970,7.049689441
1980,3.563664596
1990,2.086956522
2000,1.552795031
2000,1.501552795
2001,1.461180124
2002,1.437888199
2003,1.405279503
2004,1.369565217
2005,1.324534161
2006,1.282608696
2007,1.248447205
2008,1.201863354
2009,1.206521739
2010,1.186335404
2011,1.150621118
2012,1.127329193
2013,1.110248447
2014,1.093167702
2015,1.091614907
2016,1.077639752
2017,1.054347826
2018,1.029503106
2019,1.01242236
2020,1
2021,0.954968944
2022,0.883540373
2023,0.849378882
2024,0.824534161
