STATEFIP,YEAR,weighted_count,count,weighted_mean,STATEFIPS,state_name
1,1970,2422200,24222,4.424242424242424,1,Alabama
2,1970,272400,2724,4.507342143906021,2,Alaska
4,1970,1721200,17212,4.343132698117592,4,Arizona
5,1970,1149900,11499,4.202887207583268,5,Arkansas
6,1970,19350500,193505,3.9762021653187256,6,California
8,1970,1671700,16717,4.060596997068852,8,Colorado
9,1970,2942600,29426,4.105077142662951,9,Connecticut
11,1970,711600,7116,4.036537380550871,11,District of Columbia
12,1970,6158300,61583,3.9000535862169756,12,Florida
13,1970,2861200,28612,4.320914301691598,13,Georgia
15,1970,724100,7241,4.619665792017677,15,Hawaii
17,1970,9863500,98635,4.158371774724996,17,Illinois
18,1970,3503000,35030,4.162660576648587,18,Indiana
19,1970,1721500,17215,4.067325007261109,19,Iowa
20,1970,1571700,15717,3.9501813323153274,20,Kansas
21,1970,735100,7351,4.39436811318188,21,Kentucky
22,1970,3083400,30834,4.599922163845106,22,Louisiana
23,1970,587700,5877,4.323464352560831,23,Maine
24,1970,3158300,31583,4.233131748092328,24,Maryland
25,1970,5071200,50712,4.20551348793185,25,Massachusetts
26,1970,7984300,79843,4.366531818694187,26,Michigan
27,1970,2728800,27288,4.288038698328935,27,Minnesota
28,1970,807200,8072,4.714568880079287,28,Mississippi
29,1970,3789900,37899,4.116388295205678,29,Missouri
31,1970,621900,6219,3.977649139733076,31,Nebraska
32,1970,269400,2694,4.11358574610245,32,Nevada
33,1970,474900,4749,4.17540534849442,33,New Hampshire
34,1970,6877200,68772,4.12449834234863,34,New Jersey
35,1970,556900,5569,4.686119590590771,35,New Mexico
36,1970,16682500,166825,4.007618762175933,36,New York
37,1970,4344500,43445,4.272781677983658,37,North Carolina
39,1970,8455000,84550,4.186469544648137,39,Ohio
40,1970,1858000,18580,3.8181916038751345,40,Oklahoma
41,1970,1387700,13877,3.8572458024068603,41,Oregon
42,1970,10864300,108643,4.110333845714864,42,Pennsylvania
44,1970,744100,7441,4.041526676521973,44,Rhode Island
45,1970,1542400,15424,4.661566390041494,45,South Carolina
99,1970,35943700,359437,4.264065747265863,99,State not identified
47,1970,1852500,18525,4.069257759784076,47,Tennessee
48,1970,9683400,96834,4.307763801970382,48,Texas
49,1970,793400,7934,4.527854802117469,49,Utah
51,1970,3218500,32185,4.152151623427062,51,Virginia
53,1970,2548900,25489,3.909961159715956,53,Washington
54,1970,569100,5691,3.9362150764364787,54,West Virginia
55,1970,3324800,33248,4.36934552454283,55,Wisconsin
1,1980,3773700,37737,3.750192119140366,1,Alabama
2,1980,387400,3874,3.8559628291171917,2,Alaska
4,1980,2671900,26719,3.7444889404543584,4,Arizona
5,1980,2004500,20045,3.6179097031678724,5,Arkansas
6,1980,23147200,231472,3.6008502108246354,6,California
8,1980,2810300,28103,3.446927374301676,8,Colorado
9,1980,2809800,28098,3.5378318741547443,9,Connecticut
10,1980,571200,5712,3.581932773109244,10,Delaware
11,1980,606000,6060,3.544884488448845,11,District of Columbia
12,1980,9580000,95800,3.3702087682672235,12,Florida
13,1980,5154500,51545,3.7300805121738287,13,Georgia
15,1980,923500,9235,4.120303194369248,15,Hawaii
16,1980,924300,9243,3.7480255328356593,16,Idaho
17,1980,10921400,109214,3.677422308495248,17,Illinois
18,1980,5071100,50711,3.59277079923488,18,Indiana
19,1980,2476900,24769,3.497476684565384,19,Iowa
20,1980,2294000,22940,3.445422842197036,20,Kansas
21,1980,3204600,32046,3.6277226486925045,21,Kentucky
22,1980,4100500,41005,3.861651018168516,22,Louisiana
23,1980,1065900,10659,3.5884229289802043,23,Maine
24,1980,3963800,39638,3.6502346233412384,24,Maryland
25,1980,4937300,49373,3.613128633058554,25,Massachusetts
26,1980,9073200,90732,3.702618701229996,26,Michigan
27,1980,3448400,34484,3.6050342187681244,27,Minnesota
28,1980,2403100,24031,4.0216803295743,28,Mississippi
29,1980,4801400,48014,3.5337193318615405,29,Missouri
30,1980,707100,7071,3.684203083015132,30,Montana
31,1980,1344000,13440,3.4686011904761904,31,Nebraska
32,1980,785900,7859,3.4033592060058533,32,Nevada
33,1980,717300,7173,3.604489056182908,33,New Hampshire
34,1980,7106300,71063,3.7085825253648173,34,New Jersey
35,1980,1194400,11944,3.8858004018754184,35,New Mexico
36,1980,17029900,170299,3.6213894385756817,36,New York
37,1980,5659300,56593,3.578163377096107,37,North Carolina
38,1980,405100,4051,3.711429276721797,38,North Dakota
39,1980,10268200,102682,3.615161372002883,39,Ohio
40,1980,2868200,28682,3.4134300258001535,40,Oklahoma
41,1980,2596600,25966,3.428329353770315,41,Oregon
42,1980,11477600,114776,3.5857496340698405,42,Pennsylvania
44,1980,645600,6456,3.507744733581165,44,Rhode Island
45,1980,3025300,30253,3.8541301689088687,45,South Carolina
46,1980,662000,6620,3.623867069486405,46,South Dakota
99,1980,5910300,59103,3.6546199008510567,99,State not identified
47,1980,4358700,43587,3.5896253470071353,47,Tennessee
48,1980,13787800,137878,3.747138774858933,48,Texas
49,1980,1439000,14390,4.25045170257123,49,Utah
50,1980,494200,4942,3.649939295831647,50,Vermont
51,1980,4941000,49410,3.5927545031370167,51,Virginia
53,1980,4039600,40396,3.4274185562927024,53,Washington
54,1980,1609200,16092,3.610613969674372,54,West Virginia
55,1980,4406900,44069,3.636955683133268,55,Wisconsin
56,1980,386500,3865,3.5630012936610607,56,Wyoming
1,1990,3888160,38298,3.411904859882309,1,Alabama
2,1990,523640,5747,3.635486211901306,2,Alaska
4,1990,3565276,35204,3.5077045928562054,4,Arizona
5,1990,2070450,20808,3.3459943490545534,5,Arkansas
6,1990,28963077,285108,3.8268005847583115,6,California
8,1990,3218070,33423,3.2540342503425967,8,Colorado
9,1990,3177594,31175,3.3412021800141867,9,Connecticut
10,1990,220912,2546,3.400811182733396,10,Delaware
11,1990,556548,5672,3.3293300847366263,11,District of Columbia
12,1990,12626448,130422,3.231948367426849,12,Florida
13,1990,6131748,63532,3.452925006050477,13,Georgia
15,1990,1069992,10837,4.149002983199875,15,Hawaii
16,1990,981980,9850,3.6750035642273775,16,Idaho
17,1990,10893435,111927,3.542020492158809,17,Illinois
18,1990,5267872,53266,3.381166436845846,18,Indiana
19,1990,2359560,24280,3.2843894624421504,19,Iowa
20,1990,2374164,24433,3.283241595778556,20,Kansas
21,1990,3374964,33386,3.3253208034219033,21,Kentucky
22,1990,4082235,40880,3.6110623224777605,22,Louisiana
23,1990,1091222,11466,3.249611902985827,23,Maine
24,1990,4474176,45620,3.42610393511565,24,Maryland
25,1990,5794022,60071,3.358313102711726,25,Massachusetts
26,1990,9064653,90045,3.4589121061776993,26,Michigan
27,1990,3948203,41274,3.3627614892142073,27,Minnesota
28,1990,2441490,25513,3.7079426907339372,28,Mississippi
29,1990,4983329,49870,3.3288871756209555,29,Missouri
30,1990,759221,7647,3.2810630896669086,30,Montana
31,1990,1490454,15007,3.3135514413728973,31,Nebraska
32,1990,1167530,12018,3.341242623315889,32,Nevada
33,1990,922573,9674,3.3156682452228714,33,New Hampshire
34,1990,7408739,77033,3.5219695281477725,34,New Jersey
35,1990,1471185,15371,3.6097737538107038,35,New Mexico
36,1990,17361288,177792,3.5128079207026577,36,New York
37,1990,6380160,65278,3.2265860103821846,37,North Carolina
38,1990,517350,5384,3.388035179279018,38,North Dakota
39,1990,10138336,100958,3.3574156547977894,39,Ohio
40,1990,3025082,30047,3.305924269160307,40,Oklahoma
41,1990,2771696,27797,3.278853092113998,41,Oregon
42,1990,11433078,116044,3.3434413724807963,42,Pennsylvania
44,1990,955305,9446,3.2859359052867934,44,Rhode Island
45,1990,3371925,32735,3.489766231455326,45,South Carolina
46,1990,668040,6634,3.4907131309502426,46,South Dakota
99,1990,4127903,41413,3.3313646178216882,99,State not identified
47,1990,4556520,46113,3.2797167575254798,47,Tennessee
48,1990,16481528,172889,3.6312106498863455,48,Texas
49,1990,1687522,17659,4.2749279713094115,49,Utah
50,1990,534846,5472,3.214525302610471,50,Vermont
51,1990,5882805,57086,3.3522197319136025,51,Virginia
53,1990,4758255,48045,3.3247619137688083,53,Washington
54,1990,1369818,13880,3.2890763590491585,54,West Virginia
55,1990,4659288,47228,3.397683079474804,55,Wisconsin
56,1990,448596,4557,3.436080571382714,56,Wyoming
1,2000,4331032,43342,3.2190057704491677,1,Alabama
2,2000,609202,6229,3.65784912065292,2,Alaska
4,2000,5019932,50803,3.6289180809620527,4,Arizona
5,2000,2601749,26238,3.2794308751535985,5,Arkansas
6,2000,33044679,330240,3.9992898705416384,6,California
8,2000,4198816,42103,3.3717990976503853,8,Colorado
9,2000,3297673,33022,3.313492574915706,9,Connecticut
10,2000,759046,7540,3.335156235590465,10,Delaware
11,2000,536599,5401,3.120864928932033,11,District of Columbia
12,2000,15594755,155762,3.264519128386435,12,Florida
13,2000,7950780,79094,3.454802924996038,13,Georgia
15,2000,1175450,11862,4.170400272236165,15,Hawaii
16,2000,1261898,12796,3.6038665565679633,16,Idaho
17,2000,12097469,120354,3.5778200382245244,17,Illinois
18,2000,5898674,58886,3.2787295924473874,18,Indiana
19,2000,2819139,28169,3.2064694220469443,19,Iowa
20,2000,2605802,25947,3.3375290985270563,20,Kansas
21,2000,3926749,39067,3.163496062518893,21,Kentucky
22,2000,4334078,43177,3.4367166442320602,22,Louisiana
23,2000,1239622,12527,3.0896733036361086,23,Maine
24,2000,5162889,51411,3.419157181182861,24,Maryland
25,2000,6128018,61543,3.3059911051175113,25,Massachusetts
26,2000,9683698,96671,3.3726589780061293,26,Michigan
27,2000,4784168,48421,3.3420628205364027,27,Minnesota
28,2000,2750354,27492,3.451463702490661,28,Mississippi
29,2000,5429676,54427,3.269841147059235,29,Missouri
30,2000,877609,8903,3.269535749975217,30,Montana
31,2000,1660002,16652,3.281112311912877,31,Nebraska
32,2000,1963663,19728,3.508499167117779,32,Nevada
33,2000,1200980,12074,3.280406834418558,33,New Hampshire
34,2000,8219266,82133,3.5340223810739304,34,New Jersey
35,2000,1781201,17889,3.481646372307224,35,New Mexico
36,2000,18401336,185614,3.5626293112630516,36,New York
37,2000,7797870,77473,3.2317709836147563,37,North Carolina
38,2000,618267,6276,3.1833964937478467,38,North Dakota
39,2000,11045172,111146,3.2742071377430793,39,Ohio
40,2000,3335845,33584,3.2553128217887823,40,Oklahoma
41,2000,3339627,33670,3.357623770558808,41,Oregon
42,2000,11845305,119604,3.2644939070796406,42,Pennsylvania
44,2000,1010120,10088,3.231346770680711,44,Rhode Island
45,2000,3876610,38583,3.2813499423465347,45,South Carolina
46,2000,726407,7300,3.383564585693695,46,South Dakota
47,2000,5540639,55219,3.2384719524228163,47,Tennessee
48,2000,20285505,202444,3.658903783760868,48,Texas
49,2000,2192941,22116,4.213298944203241,49,Utah
50,2000,588678,6008,3.2185931867676385,50,Vermont
51,2000,6843736,68035,3.3055939036806796,51,Virginia
53,2000,5761604,57774,3.361489612961946,53,Washington
54,2000,1763247,17602,3.070631624497305,54,West Virginia
55,2000,5207195,52837,3.2737519912352044,55,Wisconsin
56,2000,479321,4909,3.266124371767563,56,Wyoming
1,2010,4662328,231186,3.1826010525214015,1,Alabama
2,2010,684891,32167,3.5909290675450545,2,Alaska
4,2010,6268908,307953,3.4910756386917785,4,Arizona
5,2010,2836093,139786,3.2002667049352755,5,Arkansas
6,2010,36497576,1738027,3.8234981687550977,6,California
8,2010,4926495,242244,3.275050111691984,8,Colorado
9,2010,3453840,170699,3.263369467028004,9,Connecticut
10,2010,875458,41669,3.3185692517516547,10,Delaware
11,2010,565879,27141,2.9275887601413024,11,District of Columbia
12,2010,18461535,910509,3.207080992994353,12,Florida
13,2010,9454781,458325,3.4119301123949883,13,Georgia
15,2010,1319269,65828,4.0397250295428755,15,Hawaii
16,2010,1538681,76323,3.4988753354334006,16,Idaho
17,2010,12520522,612917,3.4310658133902083,17,Illinois
18,2010,6297918,316742,3.303482357185343,18,Indiana
19,2010,2948220,148296,3.145973841843553,19,Iowa
20,2010,2771928,137182,3.274919478428011,20,Kansas
21,2010,4214385,211432,3.1806617098342937,21,Kentucky
22,2010,4401794,212334,3.283375596404557,22,Louisiana
23,2010,1293440,62128,2.988886999010391,23,Maine
24,2010,5645634,277167,3.390823953518772,24,Maryland
25,2010,6316476,315512,3.234231397380438,25,Massachusetts
26,2010,9666286,480755,3.2829705224943684,26,Michigan
27,2010,5176173,258739,3.2741929220680994,27,Minnesota
28,2010,2874376,139673,3.332310038770154,28,Mississippi
29,2010,5808612,292358,3.207193732340876,29,Missouri
30,2010,962040,46136,3.115931769988774,30,Montana
31,2010,1776057,88029,3.2653906941049753,31,Nebraska
32,2010,2668131,129426,3.479549917151744,32,Nevada
33,2010,1277491,63636,3.1487290321419095,33,New Hampshire
34,2010,8605827,424385,3.4619702441148306,34,New Jersey
35,2010,2012373,93207,3.3765827706891316,35,New Mexico
36,2010,18808674,917000,3.445371215429647,36,New York
37,2010,9286780,457229,3.1951907981022485,37,North Carolina
38,2010,651023,32887,3.0262340961840057,38,North Dakota
39,2010,11225305,565900,3.211050211998694,39,Ohio
40,2010,3638185,177501,3.264207839898191,40,Oklahoma
41,2010,3750413,184989,3.2507574499128498,41,Oregon
42,2010,12270919,604437,3.202057808384197,42,Pennsylvania
44,2010,1009510,49919,3.1814078117106317,44,Rhode Island
45,2010,4490094,222754,3.1905946735190844,45,South Carolina
46,2010,782064,39194,3.2621984901491436,46,South Dakota
47,2010,6200053,306982,3.2063456554323,47,Tennessee
48,2010,24625021,1172089,3.596981541660411,48,Texas
49,2010,2720196,135199,4.042312392195268,49,Utah
50,2010,600360,30178,3.0033996268905323,50,Vermont
51,2010,7772641,383760,3.296574484785802,51,Virginia
53,2010,6597034,327389,3.309374182397726,53,Washington
54,2010,1801372,87856,3.03207666156685,54,West Virginia
55,2010,5537612,282534,3.1845746867061107,55,Wisconsin
56,2010,549070,27544,3.2203635237765678,56,Wyoming
1,2020,4894273,224145,3.162660930438494,1,Alabama
2,2020,704486,30216,3.6103939609871594,2,Alaska
4,2020,7015059,324228,3.461240311735083,4,Arizona
5,2020,2935348,138493,3.248642069015326,5,Arkansas
6,2020,38476250,1749983,3.7559439914232806,6,California
8,2020,5645717,267166,3.2475441117576387,8,Colorado
9,2020,3499042,163404,3.190902538466243,9,Connecticut
10,2020,969992,43657,3.2028191985088537,10,Delaware
11,2020,641816,29237,2.789089084722101,11,District of Columbia
12,2020,21161442,914372,3.209362292040401,12,Florida
13,2020,10472621,445919,3.3810202813603203,13,Georgia
15,2020,1409907,69058,4.019988552436438,15,Hawaii
16,2020,1805642,84097,3.5160563389642023,16,Idaho
17,2020,12477820,594328,3.313362189869705,17,Illinois
18,2020,6604292,312218,3.270053777149769,18,Indiana
19,2020,3089878,153968,3.172581894819148,19,Iowa
20,2020,2848003,139452,3.2893251868063342,20,Kansas
21,2020,4379777,210378,3.2285100360132493,21,Kentucky
22,2020,4516385,196117,3.2167990549964185,22,Louisiana
23,2020,1328708,63538,2.9580728045590154,23,Maine
24,2020,6034445,279631,3.412922812288454,24,Maryland
25,2020,6754251,317176,3.221561502526335,25,Massachusetts
26,2020,9838226,476408,3.2233810241805787,26,Michigan
27,2020,5557241,270183,3.283866940447607,27,Minnesota
28,2020,2863919,128136,3.2376865407157114,28,Mississippi
29,2020,5985747,291781,3.196524844768748,29,Missouri
30,2020,1062053,50792,3.14369810169549,30,Montana
31,2020,1909924,93343,3.299339136007506,31,Nebraska
32,2020,3067081,139013,3.448883156330074,32,Nevada
33,2020,1338974,64038,3.0889457151520494,33,New Hampshire
34,2020,9071071,413768,3.4477711617514624,34,New Jersey
35,2020,2067536,89643,3.2757843152428783,35,New Mexico
36,2020,19393500,902061,3.420858483512517,36,New York
37,2020,10192603,464947,3.1616764628230887,37,North Carolina
38,2020,749636,37518,3.1567147255467987,38,North Dakota
39,2020,11479592,550981,3.178429860573442,39,Ohio
40,2020,3853524,178551,3.3064867378534557,40,Oklahoma
41,2020,4129453,194727,3.2467486613844496,41,Oregon
42,2020,12568331,611151,3.190032232601131,42,Pennsylvania
44,2020,1049253,46309,3.122926501044076,44,Rhode Island
45,2020,5002674,228988,3.140780310689843,45,South Carolina
46,2020,857806,42568,3.294628389169579,46,South Dakota
47,2020,6771069,313806,3.2247541710178997,47,Tennessee
48,2020,28631256,1211253,3.548996523240196,48,Texas
49,2020,3229807,156832,4.0270424827242,49,Utah
50,2020,618873,30604,2.9234786458611057,50,Vermont
51,2020,8386280,390168,3.2947873192881705,51,Virginia
53,2020,7530262,361475,3.343905962368906,53,Washington
54,2020,1741106,81370,3.064971345799739,54,West Virginia
55,2020,5737418,285838,3.124425481985102,55,Wisconsin
56,2020,564463,27787,3.1701670437212006,56,Wyoming
