STATEFIP,YEAR,weighted_count,count,weighted_mean,state_name
1,1970,2422200,24222,1.7642941678364035,Alabama
2,1970,272400,2724,2.07604013705335,Alaska
4,1970,1721200,17212,1.8649082035789062,Arizona
5,1970,1149900,11499,1.7141447082354946,Arkansas
6,1970,19350500,193505,1.6126945901484164,California
8,1970,1671700,16717,1.518726446132677,Colorado
9,1970,2942600,29426,1.5000538072906056,Connecticut
11,1970,711600,7116,1.9019884766722885,District of Columbia
12,1970,6158300,61583,1.653527488646715,Florida
13,1970,2861200,28612,1.7080380027028288,Georgia
15,1970,724100,7241,1.8202435206923562,Hawaii
17,1970,9863500,98635,1.6190672682110858,Illinois
18,1970,3503000,35030,1.5832353221048605,Indiana
19,1970,1721500,17215,1.4397995933778762,Iowa
20,1970,1571700,15717,1.4705828084240045,Kansas
21,1970,735100,7351,1.7664104656962705,Kentucky
22,1970,3083400,30834,1.8464757518756487,Louisiana
23,1970,587700,5877,1.5021694742215386,Maine
24,1970,3158300,31583,1.5342051103441698,Maryland
25,1970,5071200,50712,1.5010865278435255,Massachusetts
26,1970,7984300,79843,1.5585432244112447,Michigan
27,1970,2728800,27288,1.526041972051207,Minnesota
28,1970,807200,8072,1.859227370333664,Mississippi
29,1970,3789900,37899,1.6518267852274175,Missouri
31,1970,621900,6219,1.4218255882510609,Nebraska
32,1970,269400,2694,1.5450445434298445,Nevada
33,1970,474900,4749,1.4814838211553327,New Hampshire
34,1970,6877200,68772,1.540574652474841,New Jersey
35,1970,556900,5569,2.0511043275273813,New Mexico
36,1970,16682500,166825,1.624048853589088,New York
37,1970,4344500,43445,1.6453788314727549,North Carolina
39,1970,8455000,84550,1.510531243839944,Ohio
40,1970,1858000,18580,1.5340850376749098,Oklahoma
41,1970,1387700,13877,1.4614289832096243,Oregon
42,1970,10864300,108643,1.4705759536586096,Pennsylvania
44,1970,744100,7441,1.5014155803431415,Rhode Island
45,1970,1542400,15424,1.7684496023513183,South Carolina
99,1970,35943700,359437,1.615819554840899,State not identified
47,1970,1852500,18525,1.6436347278452461,Tennessee
48,1970,9683400,96834,1.7912255337312601,Texas
49,1970,793400,7934,1.625323502226703,Utah
51,1970,3218500,32185,1.5313163481953378,Virginia
53,1970,2548900,25489,1.4277472635254422,Washington
54,1970,569100,5691,1.504533473906164,West Virginia
55,1970,3324800,33248,1.5038022337183194,Wisconsin
1,1980,3773700,37737,1.3957477630265611,Alabama
2,1980,387400,3874,1.6416623644811552,Alaska
4,1980,2671900,26719,1.5416295520041825,Arizona
5,1980,2004500,20045,1.3853363265984822,Arkansas
6,1980,23147200,231472,1.5448839024446364,California
8,1980,2810300,28103,1.2545024849067161,Colorado
9,1980,2809800,28098,1.299566398557443,Connecticut
10,1980,571200,5712,1.2731617647058882,Delaware
11,1980,606000,6060,1.622827282728272,District of Columbia
12,1980,9580000,95800,1.418908837856661,Florida
13,1980,5154500,51545,1.4007336631422262,Georgia
15,1980,923500,9235,1.7029940443963292,Hawaii
16,1980,924300,9243,1.3539759818240733,Idaho
17,1980,10921400,109214,1.408515697010778,Illinois
18,1980,5071100,50711,1.3262536727731715,Indiana
19,1980,2476900,24769,1.2385602971456215,Iowa
20,1980,2294000,22940,1.2702237721592475,Kansas
21,1980,3204600,32046,1.3681603528261423,Kentucky
22,1980,4100500,41005,1.485211153111404,Louisiana
23,1980,1065900,10659,1.2917941020108235,Maine
24,1980,3963800,39638,1.3103898615806462,Maryland
25,1980,4937300,49373,1.3034371012496522,Massachusetts
26,1980,9073200,90732,1.324869579273767,Michigan
27,1980,3448400,34484,1.2844560762479378,Minnesota
28,1980,2403100,24031,1.518186925221589,Mississippi
29,1980,4801400,48014,1.329633023701425,Missouri
30,1980,707100,7071,1.3343421486824143,Montana
31,1980,1344000,13440,1.2520052083333302,Nebraska
32,1980,785900,7859,1.33380625185562,Nevada
33,1980,717300,7173,1.2847460383846865,New Hampshire
34,1980,7106300,71063,1.3729838312483327,New Jersey
35,1980,1194400,11944,1.6050597231524921,New Mexico
36,1980,17029900,170299,1.4390062967682464,New York
37,1980,5659300,56593,1.3390245554514766,North Carolina
38,1980,405100,4051,1.283539043857486,North Dakota
39,1980,10268200,102682,1.2872286931172672,Ohio
40,1980,2868200,28682,1.327451595658131,Oklahoma
41,1980,2596600,25966,1.2867198130889095,Oregon
42,1980,11477600,114776,1.2771974686926209,Pennsylvania
44,1980,645600,6456,1.3333591491119443,Rhode Island
45,1980,3025300,30253,1.4320199649621552,South Carolina
46,1980,662000,6620,1.3093126888217548,South Dakota
99,1980,5910300,59103,1.3266805407508673,State not identified
47,1980,4358700,43587,1.3517424920274337,Tennessee
48,1980,13787800,137878,1.5104941808458552,Texas
49,1980,1439000,14390,1.4356856613388957,Utah
50,1980,494200,4942,1.2611898016997172,Vermont
51,1980,4941000,49410,1.2901615732308047,Virginia
53,1980,4039600,40396,1.2649705416377632,Washington
54,1980,1609200,16092,1.3414802386278895,West Virginia
55,1980,4406900,44069,1.2660872722321892,Wisconsin
56,1980,386500,3865,1.3312634756360484,Wyoming
1,1990,3888160,38298,1.2585153560210165,Alabama
2,1990,523640,5747,1.4257365747460085,Alaska
4,1990,3565276,35204,1.470966422608884,Arizona
5,1990,2070450,20808,1.2675718322103893,Arkansas
6,1990,28963077,285108,1.8189509629795209,California
8,1990,3218070,33423,1.1943929125221018,Colorado
9,1990,3177594,31175,1.2187645117658203,Connecticut
10,1990,220912,2546,1.2394244465367816,Delaware
11,1990,556548,5672,1.6121714569093764,District of Columbia
12,1990,12626448,130422,1.3778564011034655,Florida
13,1990,6131748,63532,1.2840874358611316,Georgia
15,1990,1069992,10837,1.7507438373371051,Hawaii
16,1990,981980,9850,1.2931773898993215,Idaho
17,1990,10893435,111927,1.3524399099090416,Illinois
18,1990,5267872,53266,1.2316280527190722,Indiana
19,1990,2359560,24280,1.1651066512400616,Iowa
20,1990,2374164,24433,1.2172905073112057,Kansas
21,1990,3374964,33386,1.2320138525922038,Kentucky
22,1990,4082235,40880,1.3913124183198664,Louisiana
23,1990,1091222,11466,1.1912787376598541,Maine
24,1990,4474176,45620,1.2284815572744539,Maryland
25,1990,5794022,60071,1.2364275339881974,Massachusetts
26,1990,9064653,90045,1.250964044992486,Michigan
27,1990,3948203,41274,1.2025384333075189,Minnesota
28,1990,2441490,25513,1.391213562209962,Mississippi
29,1990,4983329,49870,1.2426654886054558,Missouri
30,1990,759221,7647,1.2003240821842394,Montana
31,1990,1490454,15007,1.1756359136209515,Nebraska
32,1990,1167530,12018,1.3839340459488516,Nevada
33,1990,922573,9674,1.1997948491158272,New Hampshire
34,1990,7408739,77033,1.3171036123691249,New Jersey
35,1990,1471185,15371,1.4831911010511933,New Mexico
36,1990,17361288,177792,1.4631199136838229,New York
37,1990,6380160,65278,1.2021041008375966,North Carolina
38,1990,517350,5384,1.1522744112625263,North Dakota
39,1990,10138336,100958,1.1947567201034477,Ohio
40,1990,3025082,30047,1.258504639984417,Oklahoma
41,1990,2771696,27797,1.269025174478007,Oregon
42,1990,11433078,116044,1.1866063364563793,Pennsylvania
44,1990,955305,9446,1.236491801047838,Rhode Island
45,1990,3371925,32735,1.2923119583027498,South Carolina
46,1990,668040,6634,1.2214717681575944,South Dakota
99,1990,4127903,41413,1.2115718037302041,State not identified
47,1990,4556520,46113,1.2346490852668264,Tennessee
48,1990,16481528,172889,1.524513584743691,Texas
49,1990,1687522,17659,1.3750710212963104,Utah
50,1990,534846,5472,1.1687359227391338,Vermont
51,1990,5882805,57086,1.1994256566382873,Virginia
53,1990,4758255,48045,1.2665683112821822,Washington
54,1990,1369818,13880,1.2044684038317504,West Virginia
55,1990,4659288,47228,1.2145604221074124,Wisconsin
56,1990,448596,4557,1.2074278415322484,Wyoming
1,2000,4331032,43342,1.1969360882117706,Alabama
2,2000,609202,6229,1.4996001326325223,Alaska
4,2000,5019932,50803,1.5506673563174447,Arizona
5,2000,2601749,26238,1.2466407917648201,Arkansas
6,2000,33044679,330240,1.963603413527869,California
8,2000,4198816,42103,1.2827316160873299,Colorado
9,2000,3297673,33022,1.246769343109525,Connecticut
10,2000,759046,7540,1.1625711748695104,Delaware
11,2000,536599,5401,1.5987558369160821,District of Columbia
12,2000,15594755,155762,1.3991274566352843,Florida
13,2000,7950780,79094,1.311275210314803,Georgia
15,2000,1175450,11862,1.7577152296283682,Hawaii
16,2000,1261898,12796,1.3294570823737997,Idaho
17,2000,12097469,120354,1.4040397086365783,Illinois
18,2000,5898674,58886,1.1956453150883202,Indiana
19,2000,2819139,28169,1.1743045423916068,Iowa
20,2000,2605802,25947,1.2188649342249815,Kansas
21,2000,3926749,39067,1.1602190853892982,Kentucky
22,2000,4334078,43177,1.3341892900866157,Louisiana
23,2000,1239622,12527,1.1148002778266284,Maine
24,2000,5162889,51411,1.2379907677013184,Maryland
25,2000,6128018,61543,1.2432805000463971,Massachusetts
26,2000,9683698,96671,1.2322069162008245,Michigan
27,2000,4784168,48421,1.2289211276304115,Minnesota
28,2000,2750354,27492,1.3075705890950764,Mississippi
29,2000,5429676,54427,1.2042469630477628,Missouri
30,2000,877609,8903,1.1832389101144876,Montana
31,2000,1660002,16652,1.1977031754580232,Nebraska
32,2000,1963663,19728,1.4959279078606313,Nevada
33,2000,1200980,12074,1.1954309952427753,New Hampshire
34,2000,8219266,82133,1.352512864287395,New Jersey
35,2000,1781201,17889,1.4428870370796756,New Mexico
36,2000,18401336,185614,1.5405192536020145,New York
37,2000,7797870,77473,1.22401183485577,North Carolina
38,2000,618267,6276,1.1063729478256714,North Dakota
39,2000,11045172,111146,1.1616297524988033,Ohio
40,2000,3335845,33584,1.2808326925661535,Oklahoma
41,2000,3339627,33670,1.3494498637123122,Oregon
42,2000,11845305,119604,1.1608001749779069,Pennsylvania
44,2000,1010120,10088,1.25032631436529,Rhode Island
45,2000,3876610,38583,1.21491762132378,South Carolina
46,2000,726407,7300,1.2049020498609337,South Dakota
47,2000,5540639,55219,1.208057912333448,Tennessee
48,2000,20285505,202444,1.583456038355139,Texas
49,2000,2192941,22116,1.3866754737131537,Utah
50,2000,588678,6008,1.1421818039743281,Vermont
51,2000,6843736,68035,1.205812602453787,Virginia
53,2000,5761604,57774,1.3266609466160113,Washington
54,2000,1763247,17602,1.140412413386593,West Virginia
55,2000,5207195,52837,1.1882557627795152,Wisconsin
56,2000,479321,4909,1.1511437359653918,Wyoming
1,2010,4662328,231186,1.088984569511203,Alabama
2,2010,684891,32167,1.2948475499507766,Alaska
4,2010,6268908,307953,1.2336798503556503,Arizona
5,2010,2836093,139786,1.1442160159534067,Arkansas
6,2010,36497576,1738027,1.4753690633226344,California
8,2010,4926495,242244,1.1196359548387524,Colorado
9,2010,3453840,170699,1.1533291930141547,Connecticut
10,2010,875458,41669,1.1001003665129183,Delaware
11,2010,565879,27141,1.3043157341646054,District of Columbia
12,2010,18461535,910509,1.1694102395421968,Florida
13,2010,9454781,458325,1.134913581463879,Georgia
15,2010,1319269,65828,1.406492484348017,Hawaii
16,2010,1538681,76323,1.1344028099391699,Idaho
17,2010,12520522,612917,1.2192542664488502,Illinois
18,2010,6297918,316742,1.1371165200944218,Indiana
19,2010,2948220,148296,1.0873938172863629,Iowa
20,2010,2771928,137182,1.1211961974962203,Kansas
21,2010,4214385,211432,1.1078574295735462,Kentucky
22,2010,4401794,212334,1.1566494933656615,Louisiana
23,2010,1293440,62128,1.0781118052119485,Maine
24,2010,5645634,277167,1.1259639336638996,Maryland
25,2010,6316476,315512,1.159391481368203,Massachusetts
26,2010,9666286,480755,1.1174208498141551,Michigan
27,2010,5176173,258739,1.1078090544243173,Minnesota
28,2010,2874376,139673,1.1425443006296596,Mississippi
29,2010,5808612,292358,1.115664958628099,Missouri
30,2010,962040,46136,1.0658251042922648,Montana
31,2010,1776057,88029,1.1207131490336923,Nebraska
32,2010,2668131,129426,1.2274674169546695,Nevada
33,2010,1277491,63636,1.1177794729408448,New Hampshire
34,2010,8605827,424385,1.266236955882722,New Jersey
35,2010,2012373,93207,1.2086492497497585,New Mexico
36,2010,18808674,917000,1.3643716829798773,New York
37,2010,9286780,457229,1.1107086076479926,North Carolina
38,2010,651023,32887,1.0143270923863936,North Dakota
39,2010,11225305,565900,1.0963247086233605,Ohio
40,2010,3638185,177501,1.160440324868936,Oklahoma
41,2010,3750413,184989,1.166458067418176,Oregon
42,2010,12270919,604437,1.0888408928459226,Pennsylvania
44,2010,1009510,49919,1.1676722040065588,Rhode Island
45,2010,4490094,222754,1.0940447683277879,South Carolina
46,2010,782064,39194,1.0902405898579455,South Dakota
47,2010,6200053,306982,1.1126608030608793,Tennessee
48,2010,24625021,1172089,1.298660297589193,Texas
49,2010,2720196,135199,1.1872661136673077,Utah
50,2010,600360,30178,1.0649341228596174,Vermont
51,2010,7772641,383760,1.0949797780016681,Virginia
53,2010,6597034,327389,1.1695696707540557,Washington
54,2010,1801372,87856,1.0690263773020479,West Virginia
55,2010,5537612,282534,1.1077990115594962,Wisconsin
56,2010,549070,27544,1.0767194528930748,Wyoming
1,2020,4894273,224145,1.0545619032693925,Alabama
2,2020,704486,30216,1.2896477242509667,Alaska
4,2020,7015059,324228,1.2090489878037045,Arizona
5,2020,2935348,138493,1.1357330999027415,Arkansas
6,2020,38476250,1749983,1.4412635565229654,California
8,2020,5645717,267166,1.0901016115402165,Colorado
9,2020,3499042,163404,1.1374615347095853,Connecticut
10,2020,969992,43657,1.0691359825648026,Delaware
11,2020,641816,29237,1.269867999551274,District of Columbia
12,2020,21161442,914372,1.166222660220099,Florida
13,2020,10472621,445919,1.1001091528726863,Georgia
15,2020,1409907,69058,1.3979977166342659,Hawaii
16,2020,1805642,84097,1.1295984198418065,Idaho
17,2020,12477820,594328,1.1690925898915048,Illinois
18,2020,6604292,312218,1.1131672075270616,Indiana
19,2020,3089878,153968,1.0693391885807013,Iowa
20,2020,2848003,139452,1.1016407988334318,Kansas
21,2020,4379777,210378,1.1050635416673809,Kentucky
22,2020,4516385,196117,1.1144990776177406,Louisiana
23,2020,1328708,63538,1.0648458878850742,Maine
24,2020,6034445,279631,1.1284531662260047,Maryland
25,2020,6754251,317176,1.1593369346208773,Massachusetts
26,2020,9838226,476408,1.0921557250260334,Michigan
27,2020,5557241,270183,1.0965413712787873,Minnesota
28,2020,2863919,128136,1.0957091197993574,Mississippi
29,2020,5985747,291781,1.0941812553498682,Missouri
30,2020,1062053,50792,1.069795653638131,Montana
31,2020,1909924,93343,1.1140357679153718,Nebraska
32,2020,3067081,139013,1.200237712448196,Nevada
33,2020,1338974,64038,1.1033413519107445,New Hampshire
34,2020,9071071,413768,1.2484060096101222,New Jersey
35,2020,2067536,89643,1.1499507142801861,New Mexico
36,2020,19393500,902061,1.3618670929263312,New York
37,2020,10192603,464947,1.08091272007095,North Carolina
38,2020,749636,37518,1.0530067259309894,North Dakota
39,2020,11479592,550981,1.0811601768309074,Ohio
40,2020,3853524,178551,1.1430569049697483,Oklahoma
41,2020,4129453,194727,1.1711511104900918,Oregon
42,2020,12568331,611151,1.0825522643645615,Pennsylvania
44,2020,1049253,46309,1.161024732198362,Rhode Island
45,2020,5002674,228988,1.0522027486367003,South Carolina
46,2020,857806,42568,1.0793999070496907,South Dakota
47,2020,6771069,313806,1.105453602181089,Tennessee
48,2020,28631256,1211253,1.260913362771553,Texas
49,2020,3229807,156832,1.1562670978998633,Utah
50,2020,618873,30604,1.0614666498619225,Vermont
51,2020,8386280,390168,1.0819477368590897,Virginia
53,2020,7530262,361475,1.179877333617344,Washington
54,2020,1741106,81370,1.0476983978383132,West Virginia
55,2020,5737418,285838,1.0770143991600472,Wisconsin
56,2020,564463,27787,1.036548719756653,Wyoming
